run	result	bytes	detail
001	PASS	11935	matches frozen QEMU baseline
002	PASS	11935	matches frozen QEMU baseline
003	PASS	11935	matches frozen QEMU baseline
004	PASS	11935	matches frozen QEMU baseline
005	PASS	11935	matches frozen QEMU baseline
006	PASS	11935	matches frozen QEMU baseline
007	PASS	11935	matches frozen QEMU baseline
008	PASS	11935	matches frozen QEMU baseline
009	PASS	11935	matches frozen QEMU baseline
010	PASS	11935	matches frozen QEMU baseline
011	PASS	11935	matches frozen QEMU baseline
012	PASS	11935	matches frozen QEMU baseline
013	PASS	11935	matches frozen QEMU baseline
014	PASS	11935	matches frozen QEMU baseline
015	PASS	11935	matches frozen QEMU baseline
016	PASS	11935	matches frozen QEMU baseline
017	PASS	11935	matches frozen QEMU baseline
018	PASS	11935	matches frozen QEMU baseline
019	PASS	11935	matches frozen QEMU baseline
020	PASS	12066	matches frozen QEMU baseline
021	PASS	11935	matches frozen QEMU baseline
022	PASS	11935	matches frozen QEMU baseline
023	PASS	11935	matches frozen QEMU baseline
024	PASS	11935	matches frozen QEMU baseline
025	PASS	11935	matches frozen QEMU baseline
026	PASS	11935	matches frozen QEMU baseline
027	PASS	11935	matches frozen QEMU baseline
028	PASS	11935	matches frozen QEMU baseline
029	PASS	11935	matches frozen QEMU baseline
030	PASS	11935	matches frozen QEMU baseline
031	PASS	11935	matches frozen QEMU baseline
032	PASS	11935	matches frozen QEMU baseline
033	PASS	11935	matches frozen QEMU baseline
034	PASS	11935	matches frozen QEMU baseline
035	PASS	11935	matches frozen QEMU baseline
036	PASS	11935	matches frozen QEMU baseline
